response_id,self_check_method,experienced_difficulty,desired_change,late_misunderstanding_frequency,interactive_pause_attitude,best_verification_activity,trial_willingness,desired_change_verbatim
R001,exercise,yes,none,rarely,willing_if_skippable,explain_reason,yes,"Không cần sửa"
R002,exercise,yes,none,often,willing_if_skippable,explain_reason,yes,"Không cần sửa"
R003,rewatch_difficult_segment,yes,none,often,willing,select_answer,yes,"Không cần sửa"
R004,exercise,yes,none,often,willing_if_skippable,find_error,yes,"Không cần sửa"
R005,rewatch_difficult_segment,yes,none,sometimes,willing,explain_reason,yes,"Không cần sửa"
R006,continue_only,yes,none,sometimes,willing,flashcard_then_answer,yes,"Không cần sửa"
R007,rewatch_difficult_segment,yes,none,sometimes,willing_if_skippable,explain_reason,yes,"Không cần sửa"
R008,exercise,yes,none,often,willing,explain_reason,yes,"Không cần sửa"
R009,explain_back,yes,none,often,willing,select_answer,yes,"Không cần sửa"
R010,rewatch_difficult_segment,yes,none,often,willing,flashcard_then_answer,yes,"Không cần sửa"
R011,rewatch_difficult_segment,yes,none,rarely,unwilling,flashcard_then_answer,maybe,"Không cần sửa"
R012,explain_back,yes,none,often,willing_if_skippable,explain_reason,maybe,"Không cần sửa"
R013,continue_only,yes,none,sometimes,willing,explain_reason,maybe,"Không cần sửa"
R014,rewatch_difficult_segment,no,none,sometimes,willing_if_skippable,explain_reason,maybe,"Không cần sửa"
R015,rewatch_difficult_segment,yes,unsure,often,willing_if_skippable,find_error,no,"Idk"
R016,explain_back,yes,slower_pace,rarely,willing_if_skippable,explain_reason,no,"tốc độ chậm hơn để kiến thức k bị trôi"
R017,exercise,yes,none,sometimes,willing,explain_reason,maybe,"Không cần sửa"
R018,explain_back,yes,none,sometimes,willing_if_skippable,select_answer,maybe,"Không cần sửa"
R019,exercise,yes,none,rarely,willing_if_skippable,find_error,no,"Không cần sửa"
R020,explain_back,yes,none,sometimes,willing,explain_reason,maybe,"Không cần sửa"
